City_ID,City,Country,Date,Lat,Lng,Max Temp,Humidity,Cloudiness,Wind Speed
0,Athabasca,CA,2020-10-22 04:25:32,54.72,-113.29,18.21,87,58,6.89
1,Upernavik,GL,2020-10-22 04:25:32,72.79,-56.15,23.11,95,70,2.75
2,Mataura,NZ,2020-10-22 04:25:32,-46.19,168.86,60.01,57,94,8.01
3,Chapais,CA,2020-10-22 04:25:32,49.78,-74.85,32.0,98,90,5.82
4,Punta Arenas,CL,2020-10-22 04:25:32,-53.15,-70.92,48.2,66,75,16.11
5,Salalah,OM,2020-10-22 04:12:50,17.02,54.09,77.0,69,40,4.7
6,Hilo,US,2020-10-22 04:25:32,19.73,-155.09,78.8,69,1,5.28
7,Avarua,CK,2020-10-22 04:25:32,-21.21,-159.78,75.2,83,100,8.05
8,Albany,US,2020-10-22 04:25:33,42.6,-73.97,63.0,77,98,1.99
9,Chiriqui Grande,PA,2020-10-22 04:25:33,8.95,-82.12,63.0,100,92,2.71
10,Tilichiki,RU,2020-10-22 04:25:33,60.47,166.1,39.16,87,100,6.35
11,Torbay,CA,2020-10-22 04:25:33,47.67,-52.73,48.0,93,90,12.75
12,Bambous Virieux,MU,2020-10-22 04:25:33,-20.34,57.76,78.01,65,40,12.75
13,Bilibino,RU,2020-10-22 04:25:33,68.05,166.44,20.89,95,13,2.33
14,Arraial Do Cabo,BR,2020-10-22 04:25:33,-22.97,-42.03,72.43,88,27,12.21
15,Khatanga,RU,2020-10-22 04:24:07,71.97,102.5,11.1,93,76,10.36
16,Ostrovnoy,RU,2020-10-22 04:25:33,68.05,39.51,27.21,97,75,5.14
17,Vaini,TO,2020-10-22 04:25:34,-21.2,-175.2,73.4,78,90,8.05
18,Noumea,NC,2020-10-22 04:25:34,-22.28,166.46,87.8,48,75,14.99
19,Balassagyarmat,HU,2020-10-22 04:25:34,48.07,19.3,46.0,100,75,3.96
20,Port-Gentil,GA,2020-10-22 04:25:34,-0.72,8.78,78.06,85,95,11.97
21,Butaritari,KI,2020-10-22 04:25:34,3.07,172.79,82.06,71,27,8.63
22,Bluff,NZ,2020-10-22 04:25:34,-46.6,168.33,60.01,57,96,8.01
23,Iqaluit,CA,2020-10-22 04:25:34,63.75,-68.51,32.0,93,90,3.36
24,Ushuaia,AR,2020-10-22 04:25:34,-54.8,-68.3,48.2,57,75,7.25
25,Rikitea,PF,2020-10-22 04:25:35,-23.12,-134.97,74.17,73,72,1.95
26,Georgetown,MY,2020-10-22 04:23:36,5.41,100.34,82.4,83,40,11.41
27,New Norfolk,AU,2020-10-22 04:25:35,-42.78,147.06,63.0,43,57,1.99
28,Lorengau,PG,2020-10-22 04:25:35,-2.02,147.27,83.48,74,89,4.09
29,Lufilufi,WS,2020-10-22 04:25:35,-13.87,-171.6,78.8,94,90,5.82
30,Chokurdakh,RU,2020-10-22 04:25:35,70.63,147.92,12.47,95,100,3.98
31,Puerto Ayora,EC,2020-10-22 04:25:35,-0.74,-90.35,68.0,94,98,8.01
32,Kaitangata,NZ,2020-10-22 04:25:35,-46.28,169.85,57.31,61,95,8.57
33,Tarbagatay,RU,2020-10-22 04:25:35,51.48,107.36,44.6,39,2,6.71
34,Bogorodskoye,RU,2020-10-22 04:25:34,56.55,37.88,36.72,97,100,3.91
35,Pevek,RU,2020-10-22 04:25:36,69.7,170.31,29.5,97,18,8.05
36,Constitucion,CL,2020-10-22 04:11:12,-35.33,-72.42,49.37,77,0,7.61
37,San Patricio,US,2020-10-22 04:15:38,28.02,-97.52,79.0,83,1,12.75
38,Aklavik,CA,2020-10-22 04:16:00,68.22,-135.01,19.4,73,20,14.99
39,Bambanglipuro,ID,2020-10-22 04:25:36,-7.95,110.28,86.83,62,50,10.63
40,Buala,SB,2020-10-22 04:12:12,-8.14,159.59,79.83,79,100,7.16
41,Busselton,AU,2020-10-22 04:25:36,-33.65,115.33,71.01,32,11,7.09
42,Saint-Philippe,RE,2020-10-22 04:25:36,-21.36,55.77,78.8,65,53,18.34
43,Port Alfred,ZA,2020-10-22 04:25:36,-33.59,26.89,62.35,79,0,6.24
44,Alugan,PH,2020-10-22 04:25:37,12.22,125.48,86.59,68,52,9.93
45,Qaanaaq,GL,2020-10-22 04:25:37,77.48,-69.36,19.63,86,98,6.98
46,Faya,SA,2020-10-22 04:25:37,18.39,42.45,59.0,18,20,3.36
47,Zhigansk,RU,2020-10-22 04:25:37,66.77,123.37,18.79,96,87,7.07
48,Veraval,IN,2020-10-22 04:25:37,20.9,70.37,84.4,66,0,8.86
49,Yellowknife,CA,2020-10-22 04:22:17,62.46,-114.35,23.0,85,90,8.05
50,Hasaki,JP,2020-10-22 04:16:21,35.73,140.83,72.0,68,75,4.7
51,Tautira,PF,2020-10-22 04:25:38,-17.73,-149.15,82.0,74,75,5.82
52,Ahipara,NZ,2020-10-22 04:25:38,-35.17,173.17,59.72,93,100,6.06
53,Jamestown,US,2020-10-22 04:25:38,42.1,-79.24,53.6,93,90,3.36
54,Sioux Lookout,CA,2020-10-22 04:21:31,50.1,-91.92,32.0,98,90,6.93
55,Hattem,NL,2020-10-22 04:25:38,52.48,6.06,59.0,90,49,3.0
56,Coihaique,CL,2020-10-22 04:11:27,-45.58,-72.07,42.8,82,1,3.36
57,Hithadhoo,MV,2020-10-22 04:25:38,-0.6,73.08,82.83,74,29,12.86
58,Chiredzi,ZW,2020-10-22 04:25:38,-21.05,31.67,68.36,75,100,8.55
59,Kruisfontein,ZA,2020-10-22 04:15:49,-34.0,24.73,54.73,67,0,3.94
60,Flinders,AU,2020-10-22 04:25:38,-34.58,150.86,75.99,65,32,3.0
61,Castro,BR,2020-10-22 04:25:38,-24.79,-50.01,57.72,95,31,9.55
62,Wewak,PG,2020-10-22 04:25:39,-3.55,143.63,82.49,77,70,7.83
63,Saldanha,ZA,2020-10-22 04:25:39,-33.01,17.94,48.2,87,0,4.7
64,Vila Velha,BR,2020-10-22 04:15:54,-20.33,-40.29,73.4,100,90,3.36
65,Mahibadhoo,MV,2020-10-22 04:25:39,3.78,72.97,82.81,77,31,15.66
66,Olafsvik,IS,2020-10-22 04:16:23,64.89,-23.71,39.58,86,100,25.48
67,Cherskiy,RU,2020-10-22 04:25:39,68.75,161.3,22.55,94,0,10.29
68,San Cristobal,VE,2020-10-22 04:25:39,7.77,-72.22,65.82,87,70,2.26
69,Fortuna,US,2020-10-22 04:25:39,40.6,-124.16,53.01,87,1,10.29
70,Nantucket,US,2020-10-22 04:25:39,41.28,-70.1,61.0,92,1,4.7
71,Karwar,IN,2020-10-22 04:25:39,14.8,74.13,80.71,78,74,1.54
72,Cabo San Lucas,MX,2020-10-22 04:24:37,22.89,-109.91,82.0,70,0,9.42
73,Barrow,US,2020-10-22 04:21:07,71.29,-156.79,33.8,95,90,16.11
74,Provideniya,RU,2020-10-22 04:25:41,64.38,-173.3,41.0,86,90,4.47
75,Riberalta,BO,2020-10-22 04:25:41,-10.98,-66.1,72.34,95,100,1.66
76,Sturgeon Bay,US,2020-10-22 04:23:25,44.83,-87.38,39.2,75,1,8.05
77,Hue,VN,2020-10-22 04:25:41,16.47,107.6,69.8,94,75,11.41
78,East London,ZA,2020-10-22 04:25:41,-33.02,27.91,62.6,82,0,9.17
79,Victoria,HK,2020-10-22 04:25:41,22.29,114.16,80.01,62,27,1.99
80,Thompson,CA,2020-10-22 04:25:41,55.74,-97.86,23.0,100,90,4.32
81,Nehe,CN,2020-10-22 04:25:41,48.48,124.83,38.08,60,0,11.74
82,Hammerfest,NO,2020-10-22 04:25:14,70.66,23.68,26.6,79,0,11.41
83,Kahului,US,2020-10-22 04:24:21,20.89,-156.47,82.4,58,20,5.82
84,Loralai,PK,2020-10-22 04:25:42,30.37,68.6,66.65,18,0,4.59
85,Addis Abeba,ET,2020-10-22 04:22:04,9.03,38.75,52.83,59,0,2.53
86,Balmedie,GB,2020-10-22 04:25:42,57.25,-2.06,52.0,100,100,6.93
87,Cruzeiro Do Oeste,BR,2020-10-22 04:25:42,-23.79,-53.07,73.44,67,2,11.21
88,Atuona,PF,2020-10-22 04:25:42,-9.8,-139.03,77.85,74,4,16.17
89,Nikolskoye,RU,2020-10-22 04:25:00,59.7,30.79,41.0,93,90,8.95
90,Aksarka,RU,2020-10-22 04:25:42,66.56,67.8,17.1,96,99,12.46
91,Manicore,BR,2020-10-22 04:25:42,-5.81,-61.3,73.89,97,100,2.64
92,Samarskoye,RU,2020-10-22 04:25:43,46.93,39.68,44.6,65,20,4.47
93,Luderitz,NA,2020-10-22 04:15:50,-26.65,15.16,58.51,84,76,21.03
94,Biloela,AU,2020-10-22 04:25:43,-24.42,150.5,79.3,57,99,10.51
95,Mar Del Plata,AR,2020-10-22 04:25:33,-38.0,-57.56,55.0,81,55,13.87
96,Paamiut,GL,2020-10-22 04:11:15,61.99,-49.67,32.09,86,0,22.08
97,Lavrentiya,RU,2020-10-22 04:16:05,65.58,-171.0,35.51,91,0,3.49
98,Ponta Do Sol,PT,2020-10-22 04:25:43,32.67,-17.1,64.4,59,20,9.17
99,Airai,TL,2020-10-22 04:25:43,-8.93,125.41,79.84,48,24,1.66
100,Kaeo,NZ,2020-10-22 04:16:02,-35.1,173.78,64.0,83,100,5.01
101,Leningradskiy,RU,2020-10-22 04:15:59,69.38,178.42,33.42,90,100,0.83
102,Dikson,RU,2020-10-22 04:25:44,73.51,80.55,24.96,94,99,12.75
103,Saskylakh,RU,2020-10-22 04:25:44,71.92,114.08,6.64,94,8,7.61
104,Colares,PT,2020-10-22 04:15:55,38.8,-9.45,57.99,100,20,5.39
105,Port Elizabeth,ZA,2020-10-22 04:25:44,-33.92,25.57,50.0,93,0,3.36
106,Narsaq,GL,2020-10-22 04:25:44,60.92,-46.05,28.4,63,76,1.12
107,Grand Gaube,MU,2020-10-22 04:25:44,-20.01,57.66,78.01,71,36,8.01
108,Kapaa,US,2020-10-22 04:25:44,22.08,-159.32,78.8,78,75,5.82
109,Khasan,RU,2020-10-22 04:25:44,42.43,130.64,53.47,44,66,12.93
110,Ligaya,PH,2020-10-22 04:25:44,12.66,120.89,82.9,81,99,11.56
111,Tuktoyaktuk,CA,2020-10-22 04:25:45,69.45,-133.04,17.6,85,90,12.75
112,Chuy,UY,2020-10-22 04:25:45,-33.7,-53.46,57.7,78,76,14.03
113,Tupik,RU,2020-10-22 04:25:45,54.43,119.93,26.85,86,0,4.7
114,Aksu,CN,2020-10-22 04:25:45,41.12,80.26,59.5,29,0,1.25
115,Usinsk,RU,2020-10-22 04:25:45,65.99,57.53,20.12,97,19,9.26
116,Russell,US,2020-10-22 04:25:45,32.35,-85.2,69.8,93,1,6.67
117,Cayenne,GF,2020-10-22 04:25:45,4.93,-52.33,77.0,100,75,9.35
118,Sibi,PK,2020-10-22 04:25:45,29.54,67.88,83.44,11,0,3.8
119,Upata,VE,2020-10-22 04:25:45,8.01,-62.4,80.01,88,15,4.0
120,Kangaatsiaq,GL,2020-10-22 04:25:46,68.31,-53.46,33.17,88,100,10.69
121,Norman Wells,CA,2020-10-22 04:25:46,65.28,-126.83,21.2,85,90,10.29
122,Vale Da Amoreira,PT,2020-10-22 04:25:46,39.07,-7.7,57.99,95,8,3.4
123,Aswan,EG,2020-10-22 04:25:46,24.09,32.91,75.11,21,0,9.48
124,Fairbanks,US,2020-10-22 04:13:17,64.84,-147.72,24.8,85,90,8.05
125,Hobart,AU,2020-10-22 04:22:32,-42.88,147.33,63.0,59,40,10.29
126,Dunedin,NZ,2020-10-22 04:14:24,-45.87,170.5,54.0,79,100,14.0
127,El Seibo,DO,2020-10-22 04:25:46,18.76,-69.04,78.8,94,75,2.28
128,Sayyan,YE,2020-10-22 04:25:46,15.17,44.32,55.42,38,44,4.76
129,Onega,RU,2020-10-22 04:25:46,63.91,38.14,29.53,97,98,4.5
130,Araouane,ML,2020-10-22 04:25:47,18.9,-3.53,84.27,18,0,6.15
131,Ghanzi,BW,2020-10-22 04:25:47,-21.57,21.78,66.92,63,0,14.5
132,Faanui,PF,2020-10-22 04:25:47,-16.48,-151.75,79.3,76,47,12.1
133,Geraldton,AU,2020-10-22 04:25:47,-28.77,114.6,73.4,53,0,18.34
134,Cape Town,ZA,2020-10-22 04:21:56,-33.93,18.42,59.0,87,0,11.41
135,Sao Joao Da Barra,BR,2020-10-22 04:25:47,-21.64,-41.05,72.72,87,42,10.92
136,Sandovo,RU,2020-10-22 04:25:47,58.46,36.41,35.37,95,100,7.52
137,Rach Gia,VN,2020-10-22 04:25:47,10.02,105.08,86.0,74,40,6.93
138,Buraydah,SA,2020-10-22 04:25:47,26.33,43.98,62.6,42,0,4.7
139,Kpandae,GH,2020-10-22 04:25:48,8.47,-0.01,74.34,86,6,4.47
140,Orange Cove,US,2020-10-22 04:25:48,36.62,-119.31,66.99,72,90,5.79
141,Laukaa,RU,2020-10-22 04:25:48,58.74,29.85,41.07,94,100,9.26
142,Mahebourg,MU,2020-10-22 04:25:48,-20.41,57.7,77.0,65,40,12.75
143,Porto Novo,BJ,2020-10-22 04:15:48,6.5,2.6,78.8,94,40,4.7
144,Tecoanapa,MX,2020-10-22 04:25:48,16.52,-98.75,78.69,87,29,3.85
145,Mount Isa,AU,2020-10-22 04:25:48,-20.73,139.5,100.4,17,41,19.46
146,Wanning,CN,2020-10-22 04:25:48,18.8,110.4,78.04,65,67,16.64
147,Yar-Sale,RU,2020-10-22 04:16:14,66.83,70.83,19.22,97,93,14.09
148,Ramotswa,BW,2020-10-22 04:25:48,-24.87,25.87,66.2,68,8,12.75
149,Tiksi,RU,2020-10-22 04:25:49,71.69,128.87,13.05,95,100,5.39
150,Vaitape,PF,2020-10-22 04:25:49,-16.52,-151.75,80.15,75,50,11.99
151,Quelimane,MZ,2020-10-22 04:25:49,-17.88,36.89,73.4,88,75,9.17
152,Mandali,IQ,2020-10-22 04:25:49,33.75,45.55,74.8,20,0,6.67
153,Bolobo,CD,2020-10-22 04:25:49,-2.17,16.23,70.63,91,100,1.57
154,Port Hardy,CA,2020-10-22 04:25:49,50.7,-127.42,41.0,80,5,8.05
155,Fort-Shevchenko,KZ,2020-10-22 04:25:49,44.51,50.26,53.74,49,100,7.0
156,Kargasok,RU,2020-10-22 04:25:50,59.06,80.86,38.3,90,100,8.79
157,Viedma,AR,2020-10-22 04:16:15,-40.81,-63.0,54.0,73,99,1.01
158,Isangel,VU,2020-10-22 04:25:50,-19.55,169.27,84.2,70,75,6.93
159,Little Current,CA,2020-10-22 04:25:50,45.98,-81.92,44.6,70,90,10.29
160,Imeni Poliny Osipenko,RU,2020-10-22 04:25:50,52.42,136.49,45.05,86,99,5.35
161,Maragogi,BR,2020-10-22 04:25:50,-9.01,-35.22,75.97,87,17,8.68
162,Malumfashi,NG,2020-10-22 04:25:50,11.79,7.62,70.18,29,0,4.99
163,Sept-Iles,CA,2020-10-22 04:25:50,50.2,-66.38,37.4,100,90,14.99
164,Ulladulla,AU,2020-10-22 04:25:50,-35.35,150.47,71.6,64,40,10.29
165,Clyde River,CA,2020-10-22 04:25:50,70.47,-68.59,15.8,72,1,5.82
166,Koundara,GN,2020-10-22 04:25:50,12.48,-13.3,73.99,85,100,3.58
167,Boden,SE,2020-10-22 04:25:51,65.83,21.69,32.0,98,90,5.82
168,Talnakh,RU,2020-10-22 04:25:51,69.49,88.4,12.2,92,40,6.71
169,Te Anau,NZ,2020-10-22 04:16:00,-45.42,167.72,52.86,69,100,5.82
170,Gbarnga,LR,2020-10-22 04:25:51,7.0,-9.47,69.17,97,55,0.63
171,Vestmannaeyjar,IS,2020-10-22 04:25:51,63.44,-20.27,43.25,91,100,34.05
172,Hun,LY,2020-10-22 04:25:51,29.13,15.95,57.72,75,0,6.46
173,Sandy Bay,AU,2020-10-22 04:25:51,-42.91,147.35,63.0,59,75,9.17
174,Arrecife,ES,2020-10-22 04:25:51,28.96,-13.55,66.2,82,95,3.36
175,Hermanus,ZA,2020-10-22 04:25:52,-34.42,19.23,55.99,90,2,1.99
176,Dauphin,CA,2020-10-22 04:25:52,51.15,-100.05,26.6,92,75,4.7
177,Ponta Delgada,PT,2020-10-22 04:25:52,37.73,-25.67,60.8,72,20,14.99
178,Akdepe,TM,2020-10-22 04:25:52,42.06,59.38,46.4,70,50,4.7
179,Karasburg,NA,2020-10-22 04:25:52,-28.02,18.75,65.91,21,49,12.75
180,Manoharpur,IN,2020-10-22 04:25:52,27.3,75.95,84.2,35,40,3.36
181,Kudahuvadhoo,MV,2020-10-22 04:25:52,2.67,72.89,82.29,79,2,12.66
182,Odweyne,SO,2020-10-22 04:25:52,9.41,45.06,74.75,34,0,5.26
183,Kuching,MY,2020-10-22 04:25:53,1.55,110.33,87.8,70,75,3.36
184,Tessalit,ML,2020-10-22 04:16:17,20.2,1.01,78.76,18,0,7.9
185,San Jeronimo,PE,2020-10-22 04:25:53,-11.95,-75.28,50.92,65,49,2.91
186,Kartaly,RU,2020-10-22 04:25:53,53.05,60.65,29.95,85,64,16.87
187,Sortland,NO,2020-10-22 04:25:53,68.69,15.42,35.01,59,97,19.46
188,Saint George,US,2020-10-22 04:25:53,37.1,-113.58,68.0,15,1,8.05
189,Fare,PF,2020-10-22 04:25:53,-16.7,-151.02,79.86,70,61,10.04
190,Grindavik,IS,2020-10-22 04:25:53,63.84,-22.43,42.8,87,90,26.4
191,Katsuura,JP,2020-10-22 04:25:53,35.13,140.3,73.0,60,75,5.82
192,Sai Buri,TH,2020-10-22 04:25:54,6.7,101.62,84.2,74,20,9.17
193,Wladyslawowo,PL,2020-10-22 04:25:54,54.79,18.4,55.0,76,2,13.87
194,Deputatskiy,RU,2020-10-22 04:16:15,69.3,139.9,10.06,97,100,1.7
195,Two Rivers,US,2020-10-22 04:25:54,44.15,-87.57,41.0,86,75,5.82
196,Camacha,PT,2020-10-22 04:25:54,33.08,-16.33,64.4,59,20,13.87
197,Troitskoye,RU,2020-10-22 04:25:54,52.98,84.68,53.13,42,100,16.91
198,Catamarca,AR,2020-10-22 04:25:54,-28.47,-65.79,68.0,87,8,4.0
199,Shuangcheng,CN,2020-10-22 04:25:54,45.35,126.28,44.01,45,75,8.95
200,Yei,SS,2020-10-22 04:25:54,4.09,30.68,65.5,95,72,2.68
201,Bengkulu,ID,2020-10-22 04:25:54,-3.8,102.27,81.18,72,100,8.9
202,Bowen,AU,2020-10-22 04:16:02,-20.02,148.23,87.8,45,75,10.29
203,Tupancireta,BR,2020-10-22 04:25:55,-29.08,-53.84,62.04,91,3,16.13
204,Takoradi,GH,2020-10-22 04:25:55,4.88,-1.76,76.84,90,68,6.76
205,Beringovskiy,RU,2020-10-22 04:25:55,63.05,179.32,38.75,84,44,5.39
206,Snezhnogorsk,RU,2020-10-22 04:25:55,69.19,33.25,12.2,92,75,2.24
207,Laguna,US,2020-10-22 04:25:55,38.42,-121.42,70.0,52,1,3.0
208,Lata,PT,2020-10-22 04:25:55,40.16,-8.33,55.99,92,1,3.91
209,Esmeralda,CU,2020-10-22 04:25:55,21.85,-78.12,73.4,94,75,5.82
210,Cadillac,US,2020-10-22 04:21:19,44.25,-85.4,41.0,93,75,7.49
211,Semnan,IR,2020-10-22 04:25:55,35.57,53.4,58.68,48,0,2.39
212,Bethel,US,2020-10-22 04:25:56,41.37,-73.41,64.4,100,90,2.68
213,Barth,DE,2020-10-22 04:25:56,54.36,12.72,60.8,72,75,21.92
214,Roseburg,US,2020-10-22 04:25:56,43.22,-123.34,53.6,58,1,8.05
215,Praia,CV,2020-10-22 04:23:52,14.92,-23.51,80.6,65,20,17.22
216,Kodiak,US,2020-10-22 04:25:56,57.79,-152.41,44.6,56,1,18.34
217,Kouroussa,GN,2020-10-22 04:25:56,10.65,-9.88,71.06,89,91,2.42
218,Corrente,BR,2020-10-22 04:25:56,-3.74,-43.34,74.48,87,0,4.63
219,Barybino,RU,2020-10-22 04:25:56,55.27,37.89,37.99,93,90,4.47
220,Nanortalik,GL,2020-10-22 04:25:56,60.14,-45.24,34.03,82,45,33.73
221,Zeya,RU,2020-10-22 04:25:56,53.75,127.27,30.4,91,99,7.81
222,Yerbogachen,RU,2020-10-22 04:23:34,61.28,108.01,28.47,97,100,9.69
223,Muros,ES,2020-10-22 04:25:57,42.78,-9.06,53.01,100,14,16.64
224,Sungurlu,TR,2020-10-22 04:25:57,40.17,34.37,52.72,71,0,1.45
225,La Rioja,ES,2020-10-22 04:25:57,42.25,-2.5,57.0,81,20,2.24
226,Port Hedland,AU,2020-10-22 04:25:57,-20.32,118.57,87.8,52,22,18.34
227,Sopron,HU,2020-10-22 04:25:57,47.69,16.59,45.0,95,43,3.0
228,Beloha,MG,2020-10-22 04:25:57,-25.17,45.05,73.0,62,0,10.92
229,Miandrivazo,MG,2020-10-22 04:25:58,-19.52,45.47,82.78,48,17,3.02
230,Narrabri,AU,2020-10-22 04:25:58,-30.32,149.78,82.4,39,40,8.05
231,Natal,BR,2020-10-22 04:25:58,-5.79,-35.21,75.2,100,90,4.7
232,Saint-Ambroise,CA,2020-10-22 04:25:58,48.55,-71.33,43.0,93,90,20.8
233,Necochea,AR,2020-10-22 04:25:58,-38.55,-58.74,48.0,77,65,7.0
234,Sumenep,ID,2020-10-22 04:25:58,-7.02,113.87,88.88,53,5,5.32
235,Ribeira Grande,PT,2020-10-22 04:25:58,38.52,-28.7,63.34,71,97,14.54
236,Chegdomyn,RU,2020-10-22 04:25:58,51.12,133.02,41.27,68,69,6.76
237,Carnarvon,AU,2020-10-22 04:25:58,-24.87,113.63,77.0,44,0,19.46
238,Husavik,IS,2020-10-22 04:25:59,66.04,-17.34,28.4,86,20,3.36
239,Saint Anthony,US,2020-10-22 04:21:29,45.02,-93.22,33.8,80,75,2.75
240,Chardara,KZ,2020-10-22 04:25:59,41.25,67.97,53.51,43,98,11.92
241,Paso De Los Toros,UY,2020-10-22 04:25:59,-32.82,-56.52,57.52,91,93,18.05
242,Kushima,JP,2020-10-22 04:25:59,31.46,131.23,75.2,88,75,3.36
243,Katangli,RU,2020-10-22 04:16:26,51.71,143.23,56.75,65,99,11.12
244,Gushikawa,JP,2020-10-22 04:25:59,26.35,127.87,77.0,94,90,6.93
245,Dukat,RU,2020-10-22 04:25:59,62.55,155.55,16.65,94,4,5.93
246,Bilma,NE,2020-10-22 04:25:59,18.69,12.92,75.99,19,5,11.72
247,Darhan,MN,2020-10-22 04:25:59,49.49,105.92,40.24,64,0,10.78
248,Sitka,US,2020-10-22 04:26:00,57.05,-135.33,33.8,47,1,4.7
249,Sarakhs,IR,2020-10-22 04:26:00,36.54,61.16,59.0,51,75,9.17
250,Bernay,FR,2020-10-22 04:26:00,49.17,0.67,53.01,92,36,1.99
251,Chadiza,ZM,2020-10-22 04:26:00,-14.07,32.44,66.33,73,0,8.63
252,Elko,US,2020-10-22 04:26:00,41.0,-115.5,50.0,42,1,4.7
253,Tasiilaq,GL,2020-10-22 04:26:00,65.61,-37.64,30.2,80,100,4.7
254,Raga,SS,2020-10-22 04:26:01,8.46,25.68,69.87,90,86,3.6
255,Wamba,NG,2020-10-22 04:16:03,8.93,8.6,71.37,74,86,2.77
256,Kimbe,PG,2020-10-22 04:26:01,-5.55,150.14,84.83,73,70,5.73
257,Ilulissat,GL,2020-10-22 04:26:01,69.22,-51.1,28.4,86,100,5.82
258,Oistins,BB,2020-10-22 04:23:57,13.07,-59.53,82.4,78,20,13.87
259,Ginda,IN,2020-10-22 04:26:01,30.69,78.49,69.8,60,40,3.22
260,Mehamn,NO,2020-10-22 04:26:01,71.04,27.85,21.2,92,0,3.36
261,Albacete,ES,2020-10-22 04:26:01,38.83,-2.0,54.0,77,95,1.01
262,Coronado,US,2020-10-22 04:24:37,32.69,-117.18,68.0,72,90,3.36
263,Biryusinsk,RU,2020-10-22 04:26:02,55.96,97.82,44.53,64,99,6.87
264,Mantua,IT,2020-10-22 04:26:02,45.17,10.78,48.0,100,53,2.24
265,Svetlogorsk,BY,2020-10-22 04:26:02,52.63,29.73,46.58,89,100,6.38
266,Kayseri,TR,2020-10-22 04:26:02,38.74,35.5,48.2,81,0,1.83
267,Chicama,PE,2020-10-22 04:26:02,-7.84,-79.15,63.72,81,38,6.11
268,Mulege,MX,2020-10-22 04:26:02,26.88,-111.98,79.07,54,0,5.08
269,Manzhouli,CN,2020-10-22 04:26:02,49.6,117.43,33.91,77,0,11.68
270,Semirom,IR,2020-10-22 04:26:02,31.42,51.57,45.57,37,0,3.11
271,Totness,SR,2020-10-22 04:26:02,5.88,-56.32,79.97,83,6,10.6
272,Southbridge,US,2020-10-22 04:26:02,42.08,-72.03,66.0,92,65,6.8
273,Lebu,CL,2020-10-22 04:26:03,-37.62,-73.65,46.47,85,0,15.75
274,Conde,BR,2020-10-22 04:26:03,-7.26,-34.91,75.2,100,75,5.82
275,Marienburg,PL,2020-10-22 04:26:03,54.04,19.03,48.99,100,37,15.59
276,Hambantota,LK,2020-10-22 04:26:03,6.12,81.12,89.6,62,20,19.46
277,Rocha,UY,2020-10-22 04:26:03,-34.48,-54.33,55.2,77,99,10.63
278,Port Blair,IN,2020-10-22 04:26:03,11.67,92.75,84.11,77,66,12.08
279,Benjamin Aceval,PY,2020-10-22 04:26:03,-24.97,-57.57,78.8,69,32,4.7
280,Santiago,CL,2020-10-22 04:24:39,-33.46,-70.65,59.0,71,0,5.82
281,Havoysund,NO,2020-10-22 04:26:04,71.0,24.66,32.0,93,20,8.05
282,Magadan,RU,2020-10-22 04:26:04,59.57,150.8,34.16,81,90,9.73
283,Esperance,AU,2020-10-22 04:16:05,-33.87,121.9,64.4,77,75,17.22
284,Matagami,CA,2020-10-22 04:26:04,49.75,-77.63,33.8,100,90,5.82
285,Hamilton,US,2020-10-22 04:26:04,39.18,-84.53,63.0,93,40,3.36
286,Tooele,US,2020-10-22 04:26:04,40.53,-112.3,57.99,65,1,6.55
287,Jiayuguan,CN,2020-10-22 04:26:04,39.82,98.3,57.11,29,0,8.75
288,Istok,XK,2020-10-22 04:26:04,42.78,20.49,39.99,86,75,1.48
289,Hami,CN,2020-10-22 04:16:11,42.8,93.45,65.7,23,0,6.8
290,Taltal,CL,2020-10-22 04:26:05,-25.4,-70.48,56.7,76,15,0.87
291,Innisfail,AU,2020-10-22 04:26:05,-17.53,146.03,80.64,64,12,9.24
292,Bredasdorp,ZA,2020-10-22 04:26:05,-34.53,20.04,59.0,87,0,3.36
293,Eyl,SO,2020-10-22 04:26:05,7.98,49.82,82.89,70,41,9.64
294,Dzhebariki-Khaya,RU,2020-10-22 04:26:05,62.22,135.8,23.14,95,100,6.31
295,Puerto Escondido,MX,2020-10-22 04:26:05,15.85,-97.07,79.92,79,72,3.38
296,Los Llanos De Aridane,ES,2020-10-22 04:26:05,28.66,-17.92,66.2,68,2,5.82
297,Pangnirtung,CA,2020-10-22 04:16:23,66.15,-65.71,24.82,94,100,4.36
298,Yaan,NG,2020-10-22 04:26:05,7.38,8.57,73.71,93,99,5.08
299,Coquimbo,CL,2020-10-22 04:16:16,-29.95,-71.34,51.8,87,1,4.7
300,Bandarbeyla,SO,2020-10-22 04:22:41,9.49,50.81,81.46,58,85,1.34
301,Namibe,AO,2020-10-22 04:22:55,-15.2,12.15,69.51,83,29,0.56
302,Traian,RO,2020-10-22 04:26:06,46.63,27.03,41.0,93,100,2.24
303,Kloulklubed,PW,2020-10-22 04:26:06,7.04,134.26,82.4,83,90,9.17
304,Labuhan,ID,2020-10-22 04:26:06,-6.88,112.21,89.01,56,76,4.43
305,Krasnogvardeyets,RU,2020-10-22 04:26:06,52.68,52.36,29.48,94,1,9.93
306,Salisbury,GB,2020-10-22 04:21:43,51.07,-1.8,54.0,93,0,10.29
307,Pushkino,RU,2020-10-22 04:26:06,56.02,37.87,37.4,86,75,4.47
308,Linqu,CN,2020-10-22 04:26:06,36.52,118.54,61.11,30,0,9.6
309,Karratha,AU,2020-10-22 04:23:23,-20.74,116.85,90.09,21,4,14.85
310,Tottori,JP,2020-10-22 04:26:07,35.5,134.23,62.6,93,90,5.82
311,Thunder Bay,CA,2020-10-22 04:24:32,48.4,-89.32,33.8,95,75,5.82
312,Karatsu,JP,2020-10-22 04:26:07,33.44,129.97,68.0,81,100,1.99
313,Dudinka,RU,2020-10-22 04:26:07,69.41,86.18,12.2,85,40,8.95
314,Kavaratti,IN,2020-10-22 04:26:07,10.57,72.64,84.2,74,20,9.17
315,Devils Lake,US,2020-10-22 04:26:07,48.11,-98.87,23.0,92,1,4.7
316,Praia Da Vitoria,PT,2020-10-22 04:26:08,38.73,-27.07,62.6,67,75,16.06
317,At-Bashi,KG,2020-10-22 04:26:08,41.17,75.81,44.62,48,56,0.45
318,Port Lincoln,AU,2020-10-22 04:26:08,-34.73,135.87,59.29,85,100,8.19
319,Ibaiti,BR,2020-10-22 04:26:08,-23.85,-50.19,64.0,99,0,7.0
320,Arantangi,IN,2020-10-22 04:26:08,10.17,78.98,83.89,67,100,3.24
321,Sterling,US,2020-10-22 04:21:56,39.01,-77.43,66.99,93,1,3.98
322,Ahuimanu,US,2020-10-22 04:26:08,21.44,-157.84,78.8,83,75,4.7
323,Turan,VN,2020-10-22 04:21:16,16.07,108.22,77.0,73,75,4.7
324,Dese,ET,2020-10-22 04:26:09,11.13,39.63,49.73,62,0,1.66
325,Kandri,IN,2020-10-22 04:23:08,21.42,79.27,78.8,69,40,3.36
326,Asyut,EG,2020-10-22 04:26:09,27.18,31.18,69.8,52,0,10.29
327,Yazd,IR,2020-10-22 04:26:09,31.9,54.37,57.2,16,0,4.7
328,Svetlyy,RU,2020-10-22 04:26:09,54.67,20.13,51.8,81,55,13.42
329,Toktogul,KG,2020-10-22 04:26:09,41.87,72.94,58.95,32,96,0.85
330,Havre-Saint-Pierre,CA,2020-10-22 04:25:08,50.23,-63.6,37.4,100,90,12.75
331,Lemon Tree Passage,AU,2020-10-22 04:26:09,-32.73,152.04,82.99,50,20,8.05
332,Jacksonville,US,2020-10-22 04:22:40,30.33,-81.66,75.99,94,75,8.05
333,Terrace,CA,2020-10-22 04:26:10,54.52,-128.6,35.6,100,75,3.36
334,Boa Vista,BR,2020-10-22 04:26:10,2.82,-60.67,82.4,61,18,6.93
335,Quatre Cocos,MU,2020-10-22 04:16:21,-20.21,57.76,77.0,65,40,12.75
336,Tuatapere,NZ,2020-10-22 04:26:10,-46.13,167.68,60.01,57,100,8.01
337,Lompoc,US,2020-10-22 04:26:10,34.64,-120.46,59.0,87,90,2.86
338,Tikrit,IQ,2020-10-22 04:26:10,34.61,43.68,71.37,27,0,12.5
339,Bud,US,2020-10-22 04:26:10,39.45,-86.18,59.0,93,75,3.36
340,General Jose Eduvigis Diaz,PY,2020-10-22 04:26:10,-27.17,-58.42,78.01,69,1,1.99
341,Kasama,ZM,2020-10-22 04:26:11,-10.21,31.18,64.62,64,19,3.69
342,Medina,SA,2020-10-22 04:26:11,24.47,39.61,69.8,11,0,4.7
343,Nerchinskiy Zavod,RU,2020-10-22 04:26:11,51.31,119.61,34.66,65,0,8.23
344,Grand-Lahou,CI,2020-10-22 04:26:11,5.14,-5.02,76.62,92,32,7.63
345,Linjiang,CN,2020-10-22 04:26:12,41.81,126.91,51.39,44,0,3.53
346,Guerrero Negro,MX,2020-10-22 04:16:22,27.98,-114.06,67.57,88,0,10.74
347,Ketchikan,US,2020-10-22 04:26:12,55.34,-131.65,39.2,78,20,6.93
348,Nayoro,JP,2020-10-22 04:26:12,44.35,142.46,61.79,61,69,12.62
349,Cidreira,BR,2020-10-22 04:26:12,-30.18,-50.21,65.34,88,100,17.87
350,Robe,AU,2020-10-22 04:26:12,-37.18,139.75,59.74,76,100,11.68
351,Northam,GB,2020-10-22 04:26:12,51.03,-4.22,52.0,98,90,7.0
352,Nishihara,JP,2020-10-22 04:26:12,26.18,127.76,77.0,100,75,5.82
353,Menomonie,US,2020-10-22 04:26:13,44.88,-91.92,30.99,86,75,2.57
354,Antsirabe,MG,2020-10-22 04:26:13,-19.85,47.03,56.71,64,14,5.7
355,Ha Tinh,VN,2020-10-22 04:26:13,18.33,105.9,77.14,59,69,14.41
356,Paka,MY,2020-10-22 04:26:14,4.64,103.44,86.0,79,40,4.7
357,Masaka,UG,2020-10-22 04:26:14,-0.33,31.73,63.16,89,100,4.36
358,Pacific Grove,US,2020-10-22 04:23:10,36.62,-121.92,57.0,87,1,2.21
359,Verkh-Usugli,RU,2020-10-22 04:26:14,52.7,115.17,33.3,74,0,2.57
360,Sopotnica,MK,2020-10-22 04:26:14,41.29,21.16,45.57,61,10,2.39
361,Rawson,AR,2020-10-22 04:26:14,-43.3,-65.1,55.53,40,15,22.35
362,Podyuga,RU,2020-10-22 04:26:15,61.09,40.86,29.37,96,99,2.37
363,Jaguarao,BR,2020-10-22 04:26:15,-32.57,-53.38,60.67,80,90,15.48
364,Bandrele,YT,2020-10-22 04:26:15,-12.91,45.19,82.4,78,40,10.29
365,Ust-Maya,RU,2020-10-22 04:26:15,60.42,134.53,24.33,95,100,8.61
366,Bosaso,SO,2020-10-22 04:26:15,11.28,49.18,83.61,57,41,1.61
367,Mocuba,MZ,2020-10-22 04:26:16,-16.84,36.99,71.4,87,6,4.59
368,Lashio,MM,2020-10-22 04:26:16,22.93,97.75,77.61,73,88,1.05
369,Uige,AO,2020-10-22 04:26:16,-7.61,15.06,67.3,95,100,1.83
370,Timbiqui,CO,2020-10-22 04:26:16,2.77,-77.67,75.15,93,100,3.53
371,Bo Phloi,TH,2020-10-22 04:26:16,14.32,99.52,77.34,79,100,8.41
372,Singaraja,ID,2020-10-22 04:26:16,-8.11,115.09,86.86,60,5,3.44
373,Batagay,RU,2020-10-22 04:26:17,67.63,134.63,14.27,94,98,3.04
374,Mayumba,GA,2020-10-22 04:26:17,-3.43,10.66,74.46,94,100,2.06
375,Elizabeth City,US,2020-10-22 04:22:51,36.29,-76.25,66.2,100,90,3.65
376,Alofi,NU,2020-10-22 04:26:17,-19.06,-169.92,75.2,94,85,17.22
377,Prieska,ZA,2020-10-22 04:26:17,-29.66,22.75,58.89,32,0,3.91
378,Baker City,US,2020-10-22 04:26:17,44.77,-117.83,39.2,64,90,14.99
379,Pontes E Lacerda,BR,2020-10-22 04:26:17,-15.23,-59.34,74.97,74,27,1.05
380,Rio Gallegos,AR,2020-10-22 04:26:18,-51.62,-69.22,44.6,81,100,3.36
381,Hirtshals,DK,2020-10-22 04:26:18,57.59,9.96,54.0,96,99,4.0
382,Trelew,AR,2020-10-22 04:26:13,-43.25,-65.31,56.19,36,20,22.64
383,Douentza,ML,2020-10-22 04:26:19,15.0,-2.95,82.78,19,0,5.37
384,Petropavlovka,RU,2020-10-22 04:26:19,50.61,105.32,41.43,59,0,3.83
385,Kesan,TR,2020-10-22 04:26:20,40.86,26.63,53.04,88,7,6.29
386,Katherine,AU,2020-10-22 04:26:20,-14.47,132.27,98.6,29,100,11.41
387,Coahuayana,MX,2020-10-22 04:22:21,18.73,-103.68,79.9,87,91,0.51
388,Avera,US,2020-10-22 04:26:20,33.19,-82.53,69.8,100,75,4.7
389,Ipameri,BR,2020-10-22 04:26:20,-17.72,-48.16,66.33,92,61,5.99
390,Kletskaya,RU,2020-10-22 04:26:20,49.31,43.06,37.99,91,100,1.01
391,Giurgita,RO,2020-10-22 04:26:21,44.02,23.63,39.2,93,64,3.36
392,Santa Marta,CO,2020-10-22 04:26:21,11.24,-74.2,82.99,75,1,4.0
393,Kijang,KR,2020-10-22 04:26:21,35.24,129.21,62.6,72,75,8.05
394,Saint-Augustin,CA,2020-10-22 04:26:21,51.23,-58.65,38.26,95,100,16.62
395,Ponte Nova,BR,2020-10-22 04:26:21,-20.42,-42.91,68.83,86,68,2.89
396,Hofn,IS,2020-10-22 04:26:21,64.25,-15.21,36.45,80,76,6.35
397,Severo-Kurilsk,RU,2020-10-22 04:26:21,50.68,156.12,43.27,68,90,10.49
398,Margate,GB,2020-10-22 04:26:21,51.38,1.39,55.99,82,0,4.0
399,Cabra,ES,2020-10-22 04:26:22,37.47,-4.44,64.0,64,39,6.04
400,Kugulta,RU,2020-10-22 04:26:22,45.36,42.39,50.0,70,97,6.71
401,Ta Khmau,KH,2020-10-22 04:26:22,11.48,104.95,85.26,67,73,7.47
402,Half Moon Bay,US,2020-10-22 04:26:22,37.46,-122.43,66.2,68,5,4.7
403,Galesong,ID,2020-10-22 04:26:22,-5.32,119.37,95.0,44,20,8.05
404,Pangkalanbuun,ID,2020-10-22 04:26:22,-2.68,111.62,95.77,49,71,2.17
405,Andros,GR,2020-10-22 04:26:23,37.83,24.93,68.0,73,79,11.99
406,Turukhansk,RU,2020-10-22 04:26:23,65.82,87.98,19.58,98,100,5.17
407,Pisco,PE,2020-10-22 04:26:23,-13.7,-76.22,62.6,82,0,9.17
408,Vardo,NO,2020-10-22 04:26:23,70.37,31.11,28.4,92,75,8.05
409,Harlingen,US,2020-10-22 04:21:36,26.19,-97.7,77.0,88,1,5.82
410,Singapore,SG,2020-10-22 04:25:33,1.29,103.85,84.0,78,75,8.05
411,Samarai,PG,2020-10-22 04:26:24,-10.62,150.67,80.92,82,7,10.58
412,Kargopol,RU,2020-10-22 04:26:24,61.51,38.95,26.35,98,94,3.33
413,Denia,ES,2020-10-22 04:22:51,38.84,0.11,68.0,81,98,3.0
414,Nizhniy Tsasuchey,RU,2020-10-22 04:26:24,50.52,115.13,37.58,70,3,9.13
415,Nacogdoches,US,2020-10-22 04:26:24,31.6,-94.63,73.99,94,1,4.52
416,Shingu,JP,2020-10-22 04:26:24,33.73,135.98,77.0,57,75,17.22
417,Westport,US,2020-10-22 04:26:24,41.14,-73.36,66.2,93,90,3.36
418,Vasterhaninge,SE,2020-10-22 04:26:24,59.12,18.1,52.0,100,100,8.05
419,Lasa,IT,2020-10-22 04:26:25,46.62,10.7,48.99,100,20,3.36
420,Sakakah,SA,2020-10-22 04:26:25,29.97,40.21,66.2,17,0,3.36
421,Rancagua,CL,2020-10-22 04:26:25,-34.17,-70.74,52.0,78,0,3.15
422,Luena,AO,2020-10-22 04:26:25,-11.78,19.92,62.71,87,65,3.6
423,Verkhoyansk,RU,2020-10-22 04:26:25,67.54,133.38,14.36,94,97,5.17
424,Brae,GB,2020-10-22 04:26:25,60.4,-1.35,46.4,65,99,18.34
425,Fairfield,US,2020-10-22 04:26:26,41.27,-73.32,64.99,100,90,2.95
426,Vestmanna,FO,2020-10-22 04:26:26,62.16,-7.17,33.8,86,38,1.12
427,Springbok,ZA,2020-10-22 04:26:27,-29.66,17.89,63.68,23,0,11.32
428,Codrington,AU,2020-10-22 04:26:27,-38.27,141.97,59.77,74,82,11.54
429,Gazojak,TM,2020-10-22 04:26:27,41.19,61.4,49.12,65,0,7.74
430,Vilyuysk,RU,2020-10-22 04:26:27,63.76,121.62,22.01,94,48,4.52
431,Maceio,BR,2020-10-22 04:26:27,-9.67,-35.74,71.6,100,20,9.35
432,Doka,SD,2020-10-22 04:26:27,13.52,35.77,74.62,68,0,5.37
433,Datong,CN,2020-10-22 04:26:27,40.09,113.29,42.64,49,0,11.34
434,Sorland,NO,2020-10-22 04:26:28,67.67,12.69,33.8,69,75,8.05
435,San Nicolas,PH,2020-10-22 04:26:28,18.17,120.6,91.4,59,75,5.82
436,Mildura,AU,2020-10-22 04:26:28,-34.2,142.15,87.01,20,0,5.82
437,Inuvik,CA,2020-10-22 04:23:52,68.35,-133.72,19.4,73,20,14.99
438,Bonavista,CA,2020-10-22 04:26:28,48.65,-53.11,46.99,85,81,11.01
439,Vila Franca Do Campo,PT,2020-10-22 04:26:28,37.72,-25.43,60.8,72,20,14.99
440,Borskoye,RU,2020-10-22 04:26:28,53.03,51.72,28.26,94,3,8.28
441,Ambilobe,MG,2020-10-22 04:26:29,-13.2,49.05,79.27,56,4,3.6
442,Raver,IN,2020-10-22 04:26:29,21.25,76.03,83.88,61,25,3.38
443,Hovd,MN,2020-10-22 04:24:00,48.01,91.64,41.74,56,0,2.77
444,Aquiraz,BR,2020-10-22 04:26:29,-3.9,-38.39,80.6,83,75,16.11
445,Saint-Francois,FR,2020-10-22 04:26:29,46.42,3.91,61.0,87,97,2.24
446,Gubkinskiy,RU,2020-10-22 04:26:29,64.43,76.5,18.37,97,22,8.1
447,Yatou,CN,2020-10-22 04:26:29,37.15,122.38,58.57,41,0,17.6
448,Ancud,CL,2020-10-22 04:26:29,-41.87,-73.82,41.0,93,22,3.36
449,Vao,NC,2020-10-22 04:26:30,-22.67,167.48,73.76,86,1,14.74
450,Bathsheba,BB,2020-10-22 04:26:30,13.22,-59.52,82.4,78,40,16.11
451,Urumqi,CN,2020-10-22 04:26:05,43.8,87.6,55.4,24,0,4.47
452,Mackay,AU,2020-10-22 04:26:30,-21.15,149.2,84.2,45,16,12.75
453,Auki,SB,2020-10-22 04:26:31,-8.77,160.7,83.59,72,85,3.53
454,Cockburn Town,TC,2020-10-22 04:26:31,21.46,-71.14,81.57,76,100,15.39
455,Santa Catarina Da Serra,PT,2020-10-22 04:26:31,39.68,-8.69,57.0,93,20,4.7
456,Taoudenni,ML,2020-10-22 04:26:31,22.68,-3.98,76.1,19,22,4.21
457,Kanniyakumari,IN,2020-10-22 04:26:31,8.08,77.57,83.25,70,52,18.72
458,Christchurch,NZ,2020-10-22 04:26:27,-43.53,172.63,57.99,71,67,16.11
459,Goderich,CA,2020-10-22 04:26:31,43.75,-81.72,55.0,79,43,9.55
460,Omboue,GA,2020-10-22 04:26:32,-1.57,9.26,76.12,90,100,8.14
461,Lakewood,US,2020-10-22 04:26:32,39.7,-105.08,55.99,29,52,5.17
462,Etchoropo,MX,2020-10-22 04:26:32,26.77,-109.67,82.0,83,0,1.01
463,Sao Filipe,CV,2020-10-22 04:26:32,14.9,-24.5,80.56,74,41,5.12
464,Lafia,NG,2020-10-22 04:26:32,8.48,8.52,73.83,89,100,0.63
465,Touros,BR,2020-10-22 04:26:32,-5.2,-35.46,75.2,100,90,4.7
466,Sandwick,GB,2020-10-22 04:26:32,60.0,-1.25,46.4,65,100,18.34
467,Asau,RO,2020-10-22 04:26:33,46.43,26.4,46.0,93,100,2.24
468,Blackwater,AU,2020-10-22 04:23:15,-23.58,148.88,89.13,36,27,8.21
469,Nador,MA,2020-10-22 04:26:33,35.17,-2.93,68.0,82,98,5.82
470,Collie,AU,2020-10-22 04:26:33,-33.37,116.15,71.01,32,1,7.74
471,Komsomolskiy,UZ,2020-10-22 04:26:33,40.43,71.72,62.6,29,52,4.7
472,Ouesso,CG,2020-10-22 04:26:33,1.61,16.05,67.51,94,100,0.92
473,Durango,MX,2020-10-22 04:22:30,24.83,-104.83,59.97,50,45,0.81
474,Bara,NG,2020-10-22 04:26:34,10.37,10.73,71.38,85,15,2.21
475,Comodoro Rivadavia,AR,2020-10-22 04:26:17,-45.87,-67.5,60.8,51,0,17.22
476,Sorong,ID,2020-10-22 04:26:34,-0.88,131.25,82.78,76,62,7.65
477,Port Victoria,KE,2020-10-22 04:26:34,0.09,33.98,68.74,82,73,7.09
478,Sur,OM,2020-10-22 04:26:34,22.57,59.53,83.35,46,1,10.16
479,Along,IN,2020-10-22 04:26:34,28.17,94.77,82.4,48,2,1.14
480,Uhlirske Janovice,CZ,2020-10-22 04:26:35,49.88,15.06,48.99,87,20,8.05
481,Njombe,TZ,2020-10-22 04:26:35,-9.33,34.77,55.69,88,96,6.4
482,Mount Pleasant,US,2020-10-22 04:22:56,32.79,-79.86,73.0,100,90,10.45
483,Yamada,JP,2020-10-22 04:26:35,39.47,141.95,64.8,66,100,11.27
484,Eureka,US,2020-10-22 04:26:35,40.8,-124.16,53.01,81,13,3.0
485,Aykhal,RU,2020-10-22 04:26:35,66.0,111.5,1.4,91,75,2.24
486,Moshupa,BW,2020-10-22 04:26:35,-24.78,25.42,66.2,68,38,12.75
487,Coos Bay,US,2020-10-22 04:26:35,43.37,-124.22,51.8,66,1,6.93
488,Malakal,SS,2020-10-22 04:26:36,9.53,31.66,72.5,87,86,2.84
489,Henties Bay,NA,2020-10-22 04:26:36,-22.12,14.28,60.01,87,3,1.01
490,Rio Grande,BR,2020-10-22 04:26:30,-32.03,-52.1,63.0,86,97,7.0
491,Kishanganj,IN,2020-10-22 04:26:36,26.12,87.93,83.84,65,0,7.56
492,Mbini,GQ,2020-10-22 04:26:36,1.57,9.61,75.16,89,46,5.79
493,Morro Bay,US,2020-10-22 04:24:00,35.37,-120.85,61.0,95,0,1.39
494,Caraballeda,VE,2020-10-22 04:26:36,10.61,-66.85,80.87,70,32,4.56
495,Aragats,AM,2020-10-22 04:26:36,40.49,44.35,46.4,75,0,2.95
496,Lagoa,PT,2020-10-22 04:26:37,39.05,-27.98,62.76,67,73,15.26
497,Saint-Joseph,RE,2020-10-22 04:26:37,-21.37,55.62,78.8,65,41,18.34
498,Manaus,BR,2020-10-22 04:26:37,-3.1,-60.02,78.8,94,75,3.36
499,Mpika,ZM,2020-10-22 04:26:37,-11.83,31.45,68.29,54,29,11.34
500,Hoopstad,ZA,2020-10-22 04:26:37,-27.83,25.91,62.58,44,0,7.52
501,Tual,ID,2020-10-22 04:26:37,-5.67,132.75,82.36,75,13,3.38
502,Okha,RU,2020-10-22 04:26:37,53.57,142.95,50.59,80,99,14.9
503,Nuuk,GL,2020-10-22 04:26:38,64.18,-51.72,30.2,86,84,8.05
504,Delano,US,2020-10-22 04:26:38,35.77,-119.25,64.4,72,1,3.36
505,Kaniama,CD,2020-10-22 04:26:38,-7.57,24.18,67.05,95,88,2.51
506,Eidsvag,NO,2020-10-22 04:26:38,62.78,8.07,39.2,84,99,5.82
507,Padang,ID,2020-10-22 04:21:47,-0.95,100.35,79.45,71,100,4.54
508,Keti Bandar,PK,2020-10-22 04:26:38,24.14,67.45,83.53,42,28,5.64
509,Ordzhonikidze,KZ,2020-10-22 04:26:39,52.44,61.74,32.97,83,95,17.74
510,Bogande,BF,2020-10-22 04:26:39,12.97,-0.14,82.72,39,38,4.99
511,Birin,NP,2020-10-22 04:26:39,26.89,88.07,69.71,58,0,4.32
512,Bogatyye Saby,RU,2020-10-22 04:26:39,56.01,50.45,29.46,95,99,12.75
513,Langsa,ID,2020-10-22 04:26:39,4.47,97.97,83.17,75,100,3.06
514,Kristiansund,NO,2020-10-22 04:26:39,63.11,7.73,33.8,71,93,5.82
515,Valdivia,CL,2020-10-22 04:26:39,-39.81,-73.25,37.4,100,1,2.19
516,Trairi,BR,2020-10-22 04:26:40,-3.28,-39.27,79.57,79,71,11.45
517,Timmins,CA,2020-10-22 04:24:20,48.47,-81.33,33.8,99,90,2.24
518,Kharp,RU,2020-10-22 04:26:40,66.8,65.81,15.35,91,96,7.45
519,Hastings,GB,2020-10-22 04:26:40,50.86,0.57,55.99,82,1,4.0
520,Nara,JP,2020-10-22 04:26:40,34.69,135.8,71.6,64,75,10.29
521,Borgo San Lorenzo,IT,2020-10-22 04:26:40,43.96,11.38,55.0,100,69,2.24
522,Zalantun,CN,2020-10-22 04:26:41,48.0,122.72,38.79,58,0,17.38
523,Wani,IN,2020-10-22 04:26:41,20.07,78.95,78.3,58,76,5.99
524,Tankhoy,RU,2020-10-22 04:26:41,51.55,105.13,47.53,53,0,5.32
525,Penzance,GB,2020-10-22 04:26:41,50.12,-5.54,53.6,93,0,9.17
526,Beyneu,KZ,2020-10-22 04:26:41,45.32,55.2,44.56,60,100,9.69
527,Srednekolymsk,RU,2020-10-22 04:26:41,67.45,153.68,19.71,90,20,6.17
528,Nagato,JP,2020-10-22 04:26:41,34.38,131.2,68.0,94,75,17.22
529,Anadyr,RU,2020-10-22 04:26:41,64.75,177.48,41.0,75,40,6.71
530,Strezhevoy,RU,2020-10-22 04:26:42,60.73,77.59,32.0,98,75,6.71
531,Arkansas City,US,2020-10-22 04:23:06,37.06,-97.04,71.6,68,1,14.99
532,Oda,JP,2020-10-22 04:26:42,35.18,132.5,64.4,88,75,18.34
533,Puerto Del Rosario,ES,2020-10-22 04:24:24,28.5,-13.86,69.8,83,40,6.93
534,Yulara,AU,2020-10-22 04:26:42,-25.24,130.99,98.6,13,45,24.16
535,Schitu,RO,2020-10-22 04:26:42,44.35,24.57,39.2,93,30,3.36
536,Haines Junction,CA,2020-10-22 04:26:42,60.75,-137.51,21.79,81,5,1.79
537,Las Lomas,PA,2020-10-22 04:26:42,8.43,-82.4,63.0,100,90,2.46
538,Iquique,CL,2020-10-22 04:26:19,-20.22,-70.14,62.6,77,90,10.29
539,Kyenjojo,UG,2020-10-22 04:26:43,0.63,30.62,59.88,96,80,0.45
540,Chara,RU,2020-10-22 04:26:43,56.91,118.26,18.93,87,45,1.57
541,Gallup,US,2020-10-22 04:26:43,35.53,-108.74,42.8,18,1,4.7
542,Suntar,RU,2020-10-22 04:26:43,62.14,117.63,21.88,90,60,4.81
543,Flin Flon,CA,2020-10-22 04:26:43,54.77,-101.86,24.48,91,100,3.49
544,Waling,NP,2020-10-22 04:26:43,27.98,83.77,78.53,49,0,0.56
545,Aljezur,PT,2020-10-22 04:26:43,37.32,-8.8,57.99,94,14,1.01
546,Maldonado,UY,2020-10-22 04:21:47,-34.67,-54.92,57.2,76,90,13.87
547,Pavlogradka,RU,2020-10-22 04:26:44,54.2,73.56,36.97,76,52,14.23
548,Warmbad,NA,2020-10-22 04:26:44,-28.45,18.73,66.54,21,22,10.2
549,Myaundzha,RU,2020-10-22 04:26:44,63.05,147.19,15.13,86,65,4.18
550,Saint-Georges,GD,2020-10-22 04:26:44,12.06,-61.75,84.2,79,20,11.41
551,High Level,CA,2020-10-22 04:26:44,58.52,-117.14,21.2,73,75,5.82
552,Grants,US,2020-10-22 04:26:44,35.15,-107.85,42.8,17,1,4.7
553,La Palma,US,2020-10-22 04:24:18,33.85,-118.05,68.0,77,90,5.82
554,Broken Hill,AU,2020-10-22 04:24:08,-31.95,141.43,84.2,17,57,13.87
555,Sergeyevka,KZ,2020-10-22 04:26:45,53.88,67.42,34.3,91,84,6.13
556,Karasjok,NO,2020-10-22 04:26:45,69.47,25.51,24.8,85,75,21.92
557,Naron,ES,2020-10-22 04:26:45,43.52,-8.15,57.0,87,19,8.05
558,Killybegs,IE,2020-10-22 04:26:45,54.63,-8.45,45.0,85,98,1.99
559,Lima,PE,2020-10-22 04:26:45,-12.04,-77.03,62.6,82,65,11.41
560,Ambon,ID,2020-10-22 04:26:46,-3.7,128.18,89.6,70,40,10.29
561,Vanimo,PG,2020-10-22 04:26:46,-2.67,141.3,82.09,66,99,6.71
562,Matay,EG,2020-10-22 04:26:46,28.42,30.78,68.13,78,0,7.45
563,Tacna,PE,2020-10-22 04:26:46,-18.01,-70.25,63.0,80,86,1.99
